"product_id","product_name","product_description"
1,Puff Pastry - Slab,
2,Lamb - Loin Chops,
3,Flour - Fast / Rapid,
4,Dried Figs,
5,Cheese Cloth No 60,
6,Water - Green Tea Refresher,
7,Cinnamon Buns Sticky,
8,Brandy Apricot,
9,Chicken - Bones,
10,Spice - Onion Powder Granulated,
11,Sea Urchin,
12,Rosemary - Dry,
13,"Wine - Harrow Estates, Vidal",
14,Pastry - Baked Cinnamon Stick,
15,"Salmon - Atlantic, No Skin",
16,Wine - Spumante Bambino White,
17,Corn Kernels - Frozen,
18,V8 Splash Strawberry Kiwi,
19,Rice Paper,
20,Bacardi Raspberry,
21,Steampan - Half Size Shallow,
22,Chips - Potato Jalapeno,
23,Wheat - Soft Kernal Of Wheat,
24,Chick Peas - Canned,
25,Wine - Vovray Sec Domaine Huet,
26,Table Cloth 90x90 White,
27,Mushroom Morel Fresh,
28,Wine - Shiraz Wolf Blass Premium,
29,Onions - Vidalia,
30,Peach - Fresh,
31,Vinegar - Red Wine,
32,Appetizer - Southwestern,
33,"Zucchini - Mini, Green",
34,Oil - Olive Bertolli,
35,Fiddlehead - Frozen,
36,Crab - Imitation Flakes,
37,"Soup - Campbells, Cream Of",
38,Oven Mitts - 15 Inch,
39,Wine - Rosso Toscano Igt,
40,Soup - Campbells Mushroom,
41,Ham - Cooked Italian,
42,Beef - Top Sirloin - Aaa,
43,Soup Campbells Split Pea And Ham,
44,Gatorade - Lemon Lime,
45,Chivas Regal - 12 Year Old,
46,Lettuce - Radicchio,
47,Cake - Lemon Chiffon,
48,"Lamb - Leg, Bone In",
49,"Roe - Lump Fish, Black",
50,"Beef - Ground, Extra Lean, Fresh",
51,Oven Mitts 17 Inch,
52,Longos - Chicken Caeser Salad,
53,Muffin Hinge 117n,
54,Buffalo - Tenderloin,
55,Salmon Steak - Cohoe 6 Oz,
56,"Soup - Campbells, Classic Chix",
57,Flour - Teff,
58,Muffin Mix - Morning Glory,
59,"Soup - Cream Of Broccoli, Dry",
60,Coffee - Decaffeinato Coffee,
61,Squid - Tubes / Tenticles 10/20,
62,Numi - Assorted Teas,
63,Sauce - Soy Low Sodium - 3.87l,
64,Maintenance Removal Charge,
65,Hog / Sausage Casing - Pork,
66,Muffin Orange Individual,
67,"Thyme - Lemon, Fresh",
68,"Rum - Cream, Amarula",
69,Cream - 35%,
70,Cornish Hen,
71,Walkers Special Old Whiskey,
72,Milk - Skim,
73,"Beans - Black Bean, Canned",
74,Green Tea Refresher,
75,Lettuce - Radicchio,
76,Bar - Granola Trail Mix Fruit Nut,
77,Jam - Raspberry,
78,Wine - Pinot Noir Latour,
79,Chinese Lemon Pork,
80,"Lentils - Green, Dry",
81,"Cheese - Havarti, Salsa",
82,Longos - Grilled Veg Sandwiches,
83,Cabbage Roll,
84,Cheese - Blue,
85,Tumeric,
86,Jam - Raspberry,
87,Plasticforkblack,
88,Lettuce - Arugula,
89,Onions - Spanish,
90,"Pepper - Paprika, Spanish",
91,Veal - Eye Of Round,
92,Easy Off Oven Cleaner,
93,"Soup - Campbells, Minestrone",
94,Beer - Heinekin,
95,Pastry - Butterscotch Baked,
96,Cheese - Mix,
97,Wine - Periguita Fonseca,
98,Wine - Shiraz South Eastern,
99,Cookies - Englishbay Wht,
100,Bamboo Shoots - Sliced,
101,"Pork - Tenderloin, Fresh",
102,Table Cloth 54x54 Colour,
103,Syrup - Chocolate,
104,Table Cloth 144x90 White,
105,White Fish - Filets,
106,"Chicken - Leg, Fresh",
107,Pork - Hock And Feet Attached,
108,Fuji Apples,
109,Eggs - Extra Large,
110,"Beans - Navy, Dry",
111,"Nut - Almond, Blanched, Ground",
112,Muffin Mix - Lemon Cranberry,
113,"Shrimp - 16/20, Iqf, Shell On",
114,Cheese - Pont Couvert,
115,Cookie - Oatmeal,
116,Vinegar - Red Wine,
117,Dried Cherries,
118,Oneshot Automatic Soap System,
119,Huck White Towels,
120,Bok Choy - Baby,
121,Pastry - Carrot Muffin - Mini,
122,"Nut - Hazelnut, Ground, Natural",
123,Water - Perrier,
124,"Chicken - Leg, Fresh",
125,"Gingerale - Schweppes, 355 Ml",
126,Apple - Royal Gala,
127,"Soup - Beef, Base Mix",
128,Pecan Raisin - Tarts,
129,Muffin - Bran Ind Wrpd,
130,Juice - Ocean Spray Cranberry,
131,Chocolate Liqueur - Godet White,
132,Squash - Sunburst,
133,Gelatine Powder,
134,"Wine - White, Gewurtzraminer",
135,Lamb - Shanks,
136,"Salmon - Smoked, Sliced",
137,Chutney Sauce,
138,Squid - Tubes / Tenticles 10/20,
139,Bag Clear 10 Lb,
140,Sour Puss Raspberry,
141,Pail For Lid 1537,
142,Langers - Cranberry Cocktail,
143,Potatoes - Idaho 100 Count,
144,Squid - U 5,
145,Tarragon - Fresh,
146,"Cheese - Brie, Triple Creme",
147,Coconut Milk - Unsweetened,
148,Cheese - Gouda Smoked,
149,Wine - Pinot Grigio Collavini,
150,Yeast Dry - Fermipan,
151,Soup - Campbells Beef Noodle,
152,Arrowroot,
153,Island Oasis - Magarita Mix,
154,Sprouts Dikon,
155,Chicken - White Meat With Tender,
156,Magnotta Bel Paese Red,
157,Tia Maria,
158,Tea Peppermint,
159,Sprite - 355 Ml,
160,"Soup - Knorr, Chicken Gumbo",
161,Compound - Pear,
162,Foam Tray S2,
163,"Nestea - Ice Tea, Diet",
164,Alize Gold Passion,
165,Juice - Mango,
166,Canada Dry,
167,Tomatoes Tear Drop,
168,Beer - Guiness,
169,Trout Rainbow Whole,
170,Bread Foccacia Whole,
171,Tomato - Tricolor Cherry,
172,Loquat,
173,Wine - Fat Bastard Merlot,
174,Soupfoamcont12oz 112con,
175,"Soup - Beef Conomme, Dry",
176,Tea - Earl Grey,
177,Bagel - 12 Grain Preslice,
178,Noodles - Steamed Chow Mein,
179,"Rosemary - Primerba, Paste",
180,Beef Cheek Fresh,
181,Hinge W Undercut,
182,Pears - Anjou,
183,"Onions - Dried, Chopped",
184,Lemon Tarts,
185,Cake - French Pear Tart,
186,Fond - Chocolate,
187,Sobe - Green Tea,
188,Cookies - Englishbay Oatmeal,
189,Pail With Metal Handle 16l White,
190,Soup - Campbells Broccoli,
191,Ham - Black Forest,
192,Soup - Chicken And Wild Rice,
193,Rambutan,
194,Sauce - Marinara,
195,Pectin,
196,Sauce Bbq Smokey,
197,Table Cloth 53x53 White,
198,Pork Salted Bellies,
199,"Lemonade - Natural, 591 Ml",
200,Pan Grease,
201,Trueblue - Blueberry Cranberry,
202,Wine - Soave Folonari,
203,Sobe - Tropical Energy,
204,Cranberries - Frozen,
205,"Chicken - Leg, Fresh",
206,Cheese - Sheep Milk,
207,Kiwi,
208,Olive - Spread Tapenade,
209,Puree - Guava,
210,"Coffee - Beans, Whole",
211,Bread Base - Toscano,
212,Cake - Night And Day Choclate,
213,Flour Dark Rye,
214,Ecolab - Hobart Washarm End Cap,
215,Wine - Barbera Alba Doc 2001,
216,Longos - Chicken Curried,
217,Squash - Pepper,
218,Puff Pastry - Slab,
219,Flower - Carnations,
220,Cheese - Grana Padano,
221,Juice - Lemon,
222,Sauce - Plum,
223,"Beans - Black Bean, Preserved",
224,Soup Bowl Clear 8oz92008,
225,Bread - Italian Roll With Herbs,
226,Orange - Tangerine,
227,Chickensplit Half,
228,Ice Cream - Super Sandwich,
229,Ecolab - Balanced Fusion,
230,Tea - Grapefruit Green Tea,
231,Chocolate - White,
232,Beef - Tenderloin,
233,Bouillion - Fish,
234,Truffle Shells - White Chocolate,
235,Table Cloth 90x90 Colour,
236,Corn - On The Cob,
237,"Vermouth - White, Cinzano",
238,Cookies - Assorted,
239,"Rum - White, Gg White",
240,Sauce - Oyster,
241,Rabbit - Frozen,
242,Mustard - Seed,
243,"Tea - Darjeeling, Azzura",
244,Wine - Alsace Riesling Reserve,
245,"Salmon - Smoked, Sliced",
246,Duck - Breast,
247,Miso Paste White,
248,Pastry - Apple Large,
249,Chicken - Livers,
250,Wood Chips - Regular,
251,Sprouts - Bean,
252,Pickles - Gherkins,
253,Soup V8 Roasted Red Pepper,
254,Chicken Breast Halal,
255,Soup V8 Roasted Red Pepper,
256,Meldea Green Tea Liquor,
257,Sprouts - Onion,
258,Sponge Cake Mix - Vanilla,
259,Carbonated Water - Blackcherry,
260,Shrimp - Black Tiger 26/30,
261,"Soup - Campbells, Spinach Crm",
262,Energy Drink - Franks Pineapple,
263,Pepper - Green,
264,Pork - Bacon Cooked Slcd,
265,"Sauce - Apple, Unsweetened",
266,Cheese - Comte,
267,"Pork - Back, Short Cut, Boneless",
268,"Crush - Orange, 355ml",
269,Table Cloth 62x120 Colour,
270,"Pasta - Fusili, Dry",
271,Raspberries - Fresh,
272,"Juice - Pineapple, 341 Ml",
273,Wine - Cotes Du Rhone,
274,"Arctic Char - Fresh, Whole",
275,Appetizer - Veg Assortment,
276,Wiberg Cure,
277,Squid - Tubes / Tenticles 10/20,
278,Orange Roughy 4/6 Oz,
279,"Salmon - Atlantic, Skin On",
280,Sage Derby,
281,Dip - Tapenade,
282,Vinegar - Champagne,
283,Pork - Back Ribs,
284,Beer - Camerons Auburn,
285,Lettuce - Treviso,
286,Soup Bowl Clear 8oz92008,
287,Mushroom - Crimini,
288,Salmon - Canned,
289,Creme De Cacao Mcguines,
290,Cheese - Comtomme,
291,"Pasta - Lasagna, Dry",
292,Potatoes - Parissienne,
293,"Tortillas - Flour, 12",
294,Tea - Jasmin Green,
295,Beef - Short Ribs,
296,"Ecolab - Orange Frc, Cleaner",
297,Pastry - Key Limepoppy Seed Tea,
298,Tart - Lemon,
299,Oregano - Fresh,
300,Bread - Focaccia Quarter,
301,The Pop Shoppe - Lime Rickey,
302,"Coconut - Shredded, Sweet",
303,Bagelers,
304,Numi - Assorted Teas,
305,Ecolab - Hand Soap Form Antibac,
306,Soup - Tomato Mush. Florentine,
307,Chicken - Base,
308,Oxtail - Cut,
309,Beef - Eye Of Round,
310,Mcguinness - Blue Curacao,
311,Food Colouring - Green,
312,Milkettes - 2%,
313,Radish - Pickled,
314,Beef - Ground Medium,
315,"Crab - Claws, Snow 16 - 24",
316,"Ham - Smoked, Bone - In",
317,Muskox - French Rack,
318,Orange - Tangerine,
319,"Pork - Ham, Virginia",
320,"Corn - Cream, Canned",
321,Sauce - Salsa,
322,"Beer - Alexander Kieths, Pale Ale",
323,Lamb Leg - Bone - In Nz,
324,Long Island Ice Tea,
325,Table Cloth 54x54 Colour,
326,Water - Perrier,
327,Fennel - Seeds,
328,"Bread - Rolls, Rye",
329,Schnappes Peppermint - Walker,
330,Eggplant - Baby,
331,"Wine - Magnotta, White",
332,"Nut - Pistachio, Shelled",
333,Red Currant Jelly,
334,"Juice - Apple, 1.36l",
335,Island Oasis - Mango Daiquiri,
336,Grenadine,
337,Instant Coffee,
338,Wine - Magnotta - Belpaese,
339,Extract - Lemon,
340,Soap - Hand Soap,
341,"Corn - Cream, Canned",
342,Food Colouring - Orange,
343,Apricots - Halves,
344,Creme De Menthe Green,
345,"Cheese - Woolwich Goat, Log",
346,Bread - Olive Dinner Roll,
347,Beef - Striploin,
348,Cheese - Grana Padano,
349,Longos - Greek Salad,
350,Shrimp - Black Tiger 13/15,
351,Beer - True North Lager,
352,Hold Up Tool Storage Rack,
353,"Lamb - Pieces, Diced",
354,Petite Baguette,
355,Bread - Crusty Italian Poly,
356,Crab - Imitation Flakes,
357,Eggplant - Asian,
358,Wine - Jaboulet Cotes Du Rhone,
359,Spinach - Packaged,
360,Oil - Macadamia,
361,"Lamb - Whole, Frozen",
362,Water - Perrier,
363,Soup - Campbells Beef Stew,
364,Tea - Mint,
365,Pork - Hock And Feet Attached,
366,"Olives - Black, Pitted",
367,Yoplait - Strawbrasp Peac,
368,Salmon - Canned,
369,Gingerale - Diet - Schweppes,
370,"Lamb - Whole, Frozen",
371,Ice Cream Bar - Oreo Cone,
372,Spice - Peppercorn Melange,
373,Crab - Imitation Flakes,
374,Lemons,
375,Isomalt,
376,Worcestershire Sauce,
377,"Red Snapper - Fillet, Skin On",
378,Chicken - Livers,
379,Numi - Assorted Teas,
380,Peas Snow,
381,Ecolab - Power Fusion,
382,Wine - Cave Springs Dry Riesling,
383,Wine - Fume Blanc Fetzer,
384,Bread - White Mini Epi,
385,Wine - Chablis 2003 Champs,
386,"Pasta - Fettuccine, Dry",
387,Foam Cup 6 Oz,
388,Strawberries - California,
389,Cheese - Valancey,
390,Sea Bass - Whole,
391,Cheese - Asiago,
392,Table Cloth 62x114 Colour,
393,Ice Cream - Life Savers,
394,Pear - Asian,
395,"Tortillas - Flour, 8",
396,Pickerel - Fillets,
397,Maintenance Removal Charge,
398,Juice - Ocean Spray Kiwi,
399,Longos - Chicken Wings,
400,"Yogurt - Raspberry, 175 Gr",
401,Wine - Riesling Dr. Pauly,
402,Carrots - Mini Red Organic,
403,Energy Drink - Franks Pineapple,
404,"Wine - White, Cooking",
405,Flour - Bread,
406,"Pork - Back, Long Cut, Boneless",
407,"Pasta - Penne, Rigate, Dry",
408,Cheese - Blue,
409,Bread - Mini Hamburger Bun,
410,"Bread - Roll, Canadian Dinner",
411,Nantucket - Carrot Orange,
412,Schnappes Peppermint - Walker,
413,Onions - Green,
414,"Beans - Kidney, Canned",
415,"Soup - Campbells, Lentil",
416,Tomatoes - Hot House,
417,Sherbet - Raspberry,
418,Tea - Decaf Lipton,
419,Muffin Hinge - 211n,
420,"Pork - Bacon, Double Smoked",
421,Kahlua,
422,"Nut - Almond, Blanched, Whole",
423,"Fish - Base, Bouillion",
424,"Napkin - Dinner, White",
425,Pomegranates,
426,Ham - Procutinni,
427,Passion Fruit,
428,Apricots - Halves,
429,Wine - Winzer Krems Gruner,
430,"Oil - Food, Lacquer Spray",
431,Mix - Cocktail Ice Cream,
432,Tea - Honey Green Tea,
433,Potatoes - Mini Red,
434,Beef Dry Aged Tenderloin Aaa,
435,Melon - Honey Dew,
436,"Wine - Magnotta, White",
437,Table Cloth 90x90 White,
438,Wine - Baron De Rothschild,
439,"Soup - Knorr, Veg / Beef",
440,"Bread - Crumbs, Bulk",
441,Savory,
442,Pork - Ham Hocks - Smoked,
443,Devonshire Cream,
444,Soup Campbells Mexicali Tortilla,
445,Marzipan 50/50,
446,Appetizer - Seafood Assortment,
447,"Pasta - Gnocchi, Potato",
448,Cheese - Gorgonzola,
449,Banana - Green,
450,"Wine - White, Gewurtzraminer",
451,"Pork - Back, Long Cut, Boneless",
452,Wine - Shiraz Wolf Blass Premium,
453,Arizona - Green Tea,
454,Pate Pans Yellow,
455,Broom And Brush Rack Black,
456,Beef - Striploin Aa,
457,Oil - Coconut,
458,"Crush - Orange, 355ml",
459,Squash - Butternut,
460,Oil - Margarine,
461,"Yogurt - Blueberry, 175 Gr",
462,Capers - Ox Eye Daisy,
463,Grouper - Fresh,
464,Tarragon - Fresh,
465,Pie Filling - Pumpkin,
466,Sole - Iqf,
467,Sugar - Cubes,
468,"Soda Water - Club Soda, 355 Ml",
469,"Lettuce - Mini Greens, Whole",
470,Pimento - Canned,
471,Sage Ground Wiberg,
472,Madeira,
473,Tea - Lemon Scented,
474,Oil - Coconut,
475,Foil - Round Foil,
476,Veal - Inside,
477,"Veal - Tenderloin, Untrimmed",
478,"Wine - Red, Antinori Santa",
479,Muffin Mix - Blueberry,
480,Sausage - Blood Pudding,
481,"Beef - Bones, Cut - Up",
482,Water - Spring Water 500ml,
483,Wine - Coteaux Du Tricastin Ac,
484,Trout Rainbow Whole,
485,Sausage - Andouille,
486,Tia Maria,
487,Pear - Packum,
488,Ice Cream Bar - Hageen Daz To,
489,Potatoes - Fingerling 4 Oz,
490,Iced Tea Concentrate,
491,"Lamb - Whole, Frozen",
492,Foie Gras,
493,Numi - Assorted Teas,
494,Basil - Pesto Sauce,
495,Horseradish Root,
496,Sun - Dried Tomatoes,
497,Nantucket Cranberry Juice,
498,Beef Dry Aged Tenderloin Aaa,
499,"Quail - Whole, Boneless",
500,"Split Peas - Yellow, Dry",
501,Tea - English Breakfast,
502,Syrup - Monin - Blue Curacao,
503,Bar Special K,
504,Gatorade - Fruit Punch,
505,"Juice - Clam, 46 Oz",
506,"Liqueur Banana, Ramazzotti",
507,Soho Lychee Liqueur,
508,Sobe - Berry Energy,
509,"Pork - Butt, Boneless",
510,"Chilli Paste, Ginger Garlic",
511,Beef - Diced,
512,Cookie Dough - Oatmeal Rasin,
513,Beer - Camerons Cream Ale,
514,Fondant - Icing,
515,Vacuum Bags 12x16,
516,Beef - Texas Style Burger,
517,Tomatoes - Roma,
518,"Tarragon - Primerba, Paste",
519,"Tray - Foam, Square 4 - S",
520,Bagels Poppyseed,
521,Otomegusa Dashi Konbu,
522,Lobster - Live,
523,Cucumber - Pickling Ontario,
524,Bagel - Sesame Seed Presliced,
525,Tomato - Peeled Italian Canned,
526,"Bread - Roll, Calabrese",
527,Bread - Corn Muffaleta Onion,
528,Pork - Belly Fresh,
529,Crab Meat Claw Pasteurise,
530,Wine - Dubouef Macon - Villages,
531,"Stock - Veal, Brown",
532,Lychee,
533,Bread - Raisin Walnut Pull,
534,Lychee - Canned,
535,Table Cloth 90x90 White,
536,Sugar - Crumb,
537,Tomatoes - Cherry,
538,Star Fruit,
539,Pastry - Carrot Muffin - Mini,
540,Tobasco Sauce,
541,Tuna - Bluefin,
542,Olives - Morracan Dired,
543,Pastry - Baked Scones - Mini,
544,Jameson - Irish Whiskey,
545,Plastic Arrow Stir Stick,
546,"Lamb - Shoulder, Boneless",
547,Carroway Seed,
548,Snapple Raspberry Tea,
549,Flax Seed,
550,Cleaner - Comet,
551,Onions - White,
552,Crawfish,
553,Dish Towel,
554,Broom - Angled,
555,Gatorade - Lemon Lime,
556,Bread Crumbs - Panko,
557,Shortbread - Cookie Crumbs,
558,"Pasta - Penne, Rigate, Dry",
559,Soap - Pine Sol Floor Cleaner,
560,"Water - Spring Water, 355 Ml",
561,"Tart Shells - Savory, 2",
562,Flour - Cake,
563,Sansho Powder,
564,Cocoa Powder - Natural,
565,Chickensplit Half,
566,"Coconut - Shredded, Unsweet",
567,Whmis Spray Bottle Graduated,
568,Chicken - Tenderloin,
569,Cheese - Goat,
570,Coffee - Decaffeinato Coffee,
571,Flour - Strong,
572,Compound - Rum,
573,Kiwi,
574,Wine - Chateauneuf Du Pape,
575,"Wine - Saint - Bris 2002, Sauv",
576,Cranberries - Dry,
577,Cheese - Swiss Sliced,
578,Ginger - Crystalized,
579,Cup - 4oz Translucent,
580,Tomato Puree,
581,Pickle - Dill,
582,"Yeast - Fresh, Fleischman",
583,Bread - Sour Sticks With Onion,
584,Cream - 35%,
585,Energy Drink - Franks Original,
586,Pork - European Side Bacon,
587,Tea - Orange Pekoe,
588,Bread - 10 Grain Parisian,
589,Juice - Ocean Spray Kiwi,
590,"Wine - Red, Pinot Noir, Chateau",
591,Alize Sunset,
592,Cheese - La Sauvagine,
593,White Fish - Filets,
594,Yucca,
595,Wiberg Cure,
596,"Red Snapper - Fillet, Skin On",
597,Dr. Pepper - 355ml,
598,"Orange - Canned, Mandarin",
599,Pastry - Cheese Baked Scones,
600,"Wine - Saint - Bris 2002, Sauv",
601,"Gingerale - Schweppes, 355 Ml",
602,Goulash Seasoning,
603,Scallops - Live In Shell,
604,Lamb Rack - Ontario,
605,Coffee - Flavoured,
606,"Rum - Spiced, Captain Morgan",
607,Soup Knorr Chili With Beans,
608,Grenadillo,
609,Pomegranates,
610,Squid - Tubes / Tenticles 10/20,
611,"Yogurt - Raspberry, 175 Gr",
612,Oil - Sunflower,
613,Propel Sport Drink,
614,Soup - Chicken And Wild Rice,
615,Tea - Herbal Orange Spice,
616,Catfish - Fillets,
617,Jam - Raspberry,
618,Beer - Sleemans Honey Brown,
619,Pepper - Scotch Bonnet,
620,Anisette - Mcguiness,
621,Pork - Bones,
622,Wine - Crozes Hermitage E.,
623,Lime Cordial - Roses,
624,"Wine - White, Schroder And Schyl",
625,Beef - Short Ribs,
626,Juice - V8 Splash,
627,Soup Bowl Clear 8oz92008,
628,Beef - Tenderloin - Aa,
629,Flour - Strong Pizza,
630,"Turkey - Breast, Smoked",
631,"Wine - White, Cooking",
632,"Lamb - Whole, Fresh",
633,Foil - Round Foil,
634,Beans - Yellow,
635,Parasol Pick Stir Stick,
636,Arctic Char - Fillets,
637,Brandy Cherry - Mcguinness,
638,Cleaner - Lime Away,
639,Soup - Campbellschix Stew,
640,Vinegar - Tarragon,
641,Napkin Colour,
642,Beer - Pilsner Urquell,
643,Milk - 2% 250 Ml,
644,Cheese - Le Cru Du Clocher,
645,Bagelers,
646,"Oil - Truffle, White",
647,Dill Weed - Dry,
648,"Coke - Diet, 355 Ml",
649,Veal - Provimi Inside,
650,Lettuce - Treviso,
651,Beef Cheek Fresh,
652,"Wine - Cahors Ac 2000, Clos",
653,Peas - Frozen,
654,"Tarragon - Primerba, Paste",
655,Spice - Pepper Portions,
656,Towels - Paper / Kraft,
657,Ketchup - Tomato,
658,Kohlrabi,
659,"Chicken - Breast, 5 - 7 Oz",
660,Wine - Kwv Chenin Blanc South,
661,Godiva White Chocolate,
662,Steampan - Lid For Half Size,
663,Cheese - Valancey,
664,Coffee - French Vanilla Frothy,
665,Pastry - French Mini Assorted,
666,Sprouts - Baby Pea Tendrils,
667,Sauce - Fish 25 Ozf Bottle,
668,Ham - Cooked,
669,Wine - Shiraz South Eastern,
670,Coconut Milk - Unsweetened,
671,Sprouts Dikon,
672,Water - San Pellegrino,
673,Cheese - Provolone,
674,Transfer Sheets,
675,"Turkey - Whole, Fresh",
676,"Beans - Black Bean, Dry",
677,Cheese - Goat,
678,Milk - Buttermilk,
679,Cheese - Mascarpone,
680,Nougat - Paste / Cream,
681,Wine - Stoneliegh Sauvignon,
682,Watercress,
683,Bread - Kimel Stick Poly,
684,"Soup - Beef Conomme, Dry",
685,"Juice - Apple, 341 Ml",
686,Bandage - Finger Cots,
687,Island Oasis - Pina Colada,
688,Macaroons - Two Bite Choc,
689,Cranberries - Fresh,
690,Wine - Alsace Gewurztraminer,
691,Appetizer - Southwestern,
692,"Mushroom - Shitake, Fresh",
693,Longos - Chicken Curried,
694,"Jam - Raspberry,jar",
695,Mince Meat - Filling,
696,Strawberries - California,
697,Shrimp - Black Tiger 6 - 8,
698,Shark - Loin,
699,Sorrel - Fresh,
700,Mussels - Cultivated,
701,"Veal - Brisket, Provimi, Bone - In",
702,Duck - Legs,
703,Blouse / Shirt / Sweater,
704,"Mushroom - Porcini, Dry",
705,Blueberries - Frozen,
706,Muffin Mix - Blueberry,
707,Beer - Creemore,
708,"Bread - Bagels, Plain",
709,Baking Soda,
710,Pear - Prickly,
711,Pork - Suckling Pig,
712,Ice Cream Bar - Rolo Cone,
713,Wine - Savigny - Les - Beaune,
714,"Croissant, Raw - Mini",
715,"Fish - Atlantic Salmon, Cold",
716,"Beef - Bones, Marrow",
717,Tomato Paste,
718,Pork - Inside,
719,Bread - Frozen Basket Variety,
720,Vinegar - White,
721,"Nut - Cashews, Whole, Raw",
722,"Yogurt - Blueberry, 175 Gr",
723,Veal - Kidney,
724,Nantucket - 518ml,
725,Salmon - Sockeye Raw,
726,"Soup - Campbells, Minestrone",
727,Venison - Racks Frenched,
728,Oil - Hazelnut,
729,Apple - Northern Spy,
730,Bamboo Shoots - Sliced,
731,Pasta - Orecchiette,
732,Parsley - Dried,
733,Appetizer - Asian Shrimp Roll,
734,Broccoli - Fresh,
735,Wine - Periguita Fonseca,
736,Buffalo - Tenderloin,
737,Wine - Cousino Macul Antiguas,
738,Pepper - Green Thai,
739,Toamtoes 6x7 Select,
740,Noodles - Steamed Chow Mein,
741,"Cod - Salted, Boneless",
742,Veal - Kidney,
743,Coffee - Cafe Moreno,
744,Apricots Fresh,
745,Corn Syrup,
746,Scampi Tail,
747,"Wine - White, Riesling, Henry Of",
748,Pork - Hock And Feet Attached,
749,Rum - Mount Gay Eclipes,
750,Muffin Carrot - Individual,
751,Wine - Muscadet Sur Lie,
752,Juice - Lagoon Mango,
753,Bread - Olive,
754,Cheese - Sheep Milk,
755,Pate - Cognac,
756,Sprouts - Pea,
757,"Croissant, Raw - Mini",
758,"Pasta - Fettuccine, Egg, Fresh",
759,Pastry - Plain Baked Croissant,
760,Grenadillo,
761,Saskatoon Berries - Frozen,
762,Towels - Paper / Kraft,
763,Mushroom - King Eryingii,
764,Flower - Potmums,
765,Oil - Coconut,
766,"Beef - Chuck, Boneless",
767,Wine - Casablanca Valley,
768,Coconut - Whole,
769,"Juice - Grapefruit, 341 Ml",
770,V8 Splash Strawberry Banana,
771,Ostrich - Prime Cut,
772,Icecream - Dstk Strw Chseck,
773,Cleaner - Lime Away,
774,"Pepper - Paprika, Hungarian",
775,Milk - 1%,
776,Bacon Strip Precooked,
777,"Lentils - Red, Dry",
778,"Lid - 10,12,16 Oz",
779,Bread - Olive,
780,Shrimp - Prawn,
781,Sauce - Alfredo,
782,Wine - Touraine Azay - Le - Rideau,
783,Basil - Fresh,
784,Crackers - Soda / Saltins,
785,"Oil - Food, Lacquer Spray",
786,Chef Hat 25cm,
787,Coffee Caramel Biscotti,
788,Beef - Ground Lean Fresh,
789,Tea - Decaf Lipton,
790,Mountain Dew,
791,Swiss Chard,
792,Pate - Cognac,
793,Flower - Commercial Spider,
794,Vinegar - Champagne,
795,Dome Lid Clear P92008h,
796,Pear - Packum,
797,Beef - Flank Steak,
798,Beer - Camerons Auburn,
799,Rhubarb,
800,Wine - Remy Pannier Rose,
801,Rabbit - Whole,
802,Puree - Guava,
803,Silicone Parch. 16.3x24.3,
804,Chips - Assorted,
805,Oil - Olive,
806,"Chicken - Thigh, Bone In",
807,"Coke - Classic, 355 Ml",
808,Beer - Upper Canada Light,
809,Noodles - Steamed Chow Mein,
810,Pork Salted Bellies,
811,Compound - Mocha,
812,Kellogs Raisan Bran Bars,
813,Peas - Frozen,
814,Chocolate - Chips Compound,
815,Cranberry Foccacia,
816,Chicken - Bones,
817,"C - Plus, Orange",
818,Pickles - Gherkins,
819,Tofu - Soft,
820,Wine - Balbach Riverside,
821,Beer - Creemore,
822,Chicken - White Meat With Tender,
823,Puree - Blackcurrant,
824,Corn - On The Cob,
825,Kiwi,
826,Shrimp - Prawn,
827,"Bread - Pita, Mini",
828,Bandage - Finger Cots,
829,Lid Coffeecup 12oz D9542b,
830,Wine - Piper Heidsieck Brut,
831,"Tart Shells - Sweet, 4",
832,Bread - Frozen Basket Variety,
833,Mushroom - Chanterelle Frozen,
834,Juice - Orange 1.89l,
835,Chocolate - Liqueur Cups With Foil,
836,Oil - Pumpkinseed,
837,The Pop Shoppe - Root Beer,
838,Glaze - Apricot,
839,"Wine - Cahors Ac 2000, Clos",
840,"Garlic - Primerba, Paste",
841,Wine - Redchard Merritt,
842,Pastry - Banana Tea Loaf,
843,Lobster - Cooked,
844,Sauce - Balsamic Viniagrette,
845,"Sugar - Sweet N Low, Individual",
846,Soup Campbells Turkey Veg.,
847,Cake - Mini Potato Pancake,
848,Table Cloth 53x53 White,
849,Red Pepper Paste,
850,"Pork - Bacon, Sliced",
851,Chocolate Bar - Smarties,
852,Sprouts - Baby Pea Tendrils,
853,Couscous,
854,Smoked Tongue,
855,Soup - Campbells Chili Veg,
856,Veal - Leg,
857,Sauce - Thousand Island,
858,Cookies Cereal Nut,
859,Couscous,
860,Longos - Chicken Caeser Salad,
861,Puff Pastry - Slab,
862,Tea Peppermint,
863,Chocolate - Dark,
864,Eggroll,
865,Coffee Cup 12oz 5342cd,
866,Sprouts - Corn,
867,Table Cloth 72x144 White,
868,"Basil - Dry, Rubbed",
869,Mangoes,
870,Bandage - Flexible Neon,
871,Wine - Vovray Sec Domaine Huet,
872,Pastry - French Mini Assorted,
873,Octopus,
874,"Lemonade - Kiwi, 591 Ml",
875,Cheese Cloth No 100,
876,Wine - Puligny Montrachet A.,
877,"Wine - Magnotta - Red, Baco",
878,Tomatoes - Heirloom,
879,Boogies,
880,Beef - Montreal Smoked Brisket,
881,"Nut - Walnut, Chopped",
882,Chinese Lemon Pork,
883,Jicama,
884,Mangoes,
885,Seabream Whole Farmed,
886,"Fish - Soup Base, Bouillon",
887,Glycerine,
888,Tea - Lemon Scented,
889,Sausage - Blood Pudding,
890,Onions - Green,
891,"Yogurt - Peach, 175 Gr",
892,Milk - 2%,
893,"Doilies - 12, Paper",
894,Coffee - Egg Nog Capuccino,
895,"Wine - White, Ej",
896,Butter Balls Salted,
897,Bread - Italian Corn Meal Poly,
898,Tandoori Curry Paste,
899,Compound - Passion Fruit,
900,Couscous,
901,Creme De Menthe Green,
902,Soup - Campbells Asian Noodle,
903,Wine - Carmenere Casillero Del,
904,Truffle Paste,
905,"Vinegar - Balsamic, White",
906,"Vodka - Lemon, Absolut",
907,Glass Clear 8 Oz,
908,"Pork - Loin, Boneless",
909,Nori Sea Weed,
910,Bar Bran Honey Nut,
911,"Oil - Truffle, Black",
912,Coffee - Frthy Coffee Crisp,
913,Lettuce - Arugula,
914,Kohlrabi,
915,Garbag Bags - Black,
916,Spice - Paprika,
917,Kellogs Raisan Bran Bars,
918,"Yogurt - Banana, 175 Gr",
919,Nacho Chips,
920,Lidsoupcont Rp12dn,
921,Lemon Grass,
922,"Chilli Paste, Ginger Garlic",
923,Veal - Bones,
924,Oven Mitts 17 Inch,
925,"Salsify, Organic",
926,Nantucket - Carrot Orange,
927,"Nut - Almond, Blanched, Ground",
928,Beef - Ground Medium,
929,Lumpfish Black,
930,Wine - Sicilia Igt Nero Avola,
931,Pea - Snow,
932,Hipnotiq Liquor,
933,Lamb - Rack,
934,Red Pepper Paste,
935,Beer - Steamwhistle,
936,"Gin - Gilbeys London, Dry",
937,Wine - Coteaux Du Tricastin Ac,
938,Scallop - St. Jaques,
939,Broom - Corn,
940,Plaintain,
941,"Loaf Pan - 2 Lb, Foil",
942,Coffee - Frthy Coffee Crisp,
943,Icecream - Dstk Super Cone,
944,Carbonated Water - Blackcherry,
945,Sultanas,
946,Pork Ham Prager,
947,Chinese Foods - Chicken Wing,
948,Waffle Stix,
949,Truffle Cups Green,
950,Skirt - 24 Foot,
951,Mushroom - Chanterelle Frozen,
952,Veal - Knuckle,
953,"Arctic Char - Fresh, Whole",
954,Beef - Rib Eye Aaa,
955,Squash - Guords,
956,Flower - Daisies,
957,Lobster - Cooked,
958,Chicken - Base,
959,Salad Dressing,
960,Lettuce - Lolla Rosa,
961,Food Colouring - Red,
962,"Soup - Beef, Base Mix",
963,Wine - Marlbourough Sauv Blanc,
964,"Wine - Magnotta, White",
965,"Cheese - Brie, Cups 125g",
966,Cream - 18%,
967,"Chocolate - Milk, Callets",
968,"Pasta - Penne Primavera, Single",
969,Smirnoff Green Apple Twist,
970,Compound - Passion Fruit,
971,"Beans - Navy, Dry",
972,Hog / Sausage Casing - Pork,
973,Beef - Rib Eye Aaa,
974,"Lobster - Tail, 3 - 4 Oz",
975,"Tart Shells - Barquettes, Savory",
976,Veal Inside - Provimi,
977,Crush - Cream Soda,
978,Watercress,
979,"Coffee - Beans, Whole",
980,Zucchini - Yellow,
981,Beef - Sushi Flat Iron Steak,
982,Wine - Cotes Du Rhone Parallele,
983,Calaloo,
984,Longos - Chicken Curried,
985,Muffin Puck Ww Carrot,
986,Spinach - Baby,
987,Tuna - Salad Premix,
988,Tomatoes - Yellow Hot House,
989,"Pasta - Fettuccine, Dry",
990,Port - 74 Brights,
991,"Chestnuts - Whole,canned",
992,Veal - Eye Of Round,
993,"Soup - French Onion, Dry",
994,Filter - Coffee,
995,Basil - Fresh,
996,Banana - Leaves,
997,Hagen Daza - Dk Choocolate,
998,Soup Campbells Split Pea And Ham,
999,Scallops - Live In Shell,
1000,Wine - German Riesling,
